Schedule Name,Element,OCHRE Name,OCHRE Element,Values,Data Source
occupants,WeekdayScheduleFractions,Occupancy,weekday_fractions,"0.035, 0.035, 0.035, 0.035, 0.035, 0.059, 0.082, 0.055, 0.027, 0.014, 0.014, 0.014, 0.014, 0.014, 0.019, 0.027, 0.041, 0.055, 0.068, 0.082, 0.082, 0.070, 0.053, 0.035",Table C.3(5) of ANSI/RESNET/ICC 301-2022 Addendum C
occupants,WeekendScheduleFractions,Occupancy,weekend_fractions,"0.028, 0.028, 0.028, 0.028, 0.028, 0.047, 0.065, 0.043, 0.021, 0.042, 0.042, 0.042, 0.042, 0.042, 0.042, 0.042, 0.042, 0.043, 0.054, 0.065, 0.065, 0.055, 0.042, 0.028",Derived from ANSI/RESNET/ICC 301-2022 Table C.3(5) using ASHRAE 90.2/HERS Reference Home occupancy: 5 PM–8 AM weekdays, all day weekends
occupants,MonthlyScheduleMultipliers,Occupancy,month_multipliers,"1.0, 1.0, 1.0, 1.0, 1.0, 1.0, 1.0, 1.0, 1.0, 1.0, 1.0, 1.0",
general_water_use,GeneralWaterUseWeekdayScheduleFractions,N/A,weekday_fractions,"0.023, 0.021, 0.021, 0.025, 0.027, 0.038, 0.044, 0.039, 0.037, 0.037, 0.034, 0.035, 0.035, 0.035, 0.039, 0.043, 0.051, 0.064, 0.065, 0.072, 0.073, 0.063, 0.045, 0.034",Table C.3(5) of ANSI/RESNET/ICC 301-2022 Addendum C
general_water_use,GeneralWaterUseWeekendScheduleFractions,N/A,weekend_fractions,"0.023, 0.021, 0.021, 0.025, 0.027, 0.038, 0.044, 0.039, 0.037, 0.037, 0.034, 0.035, 0.035, 0.035, 0.039, 0.043, 0.051, 0.064, 0.065, 0.072, 0.073, 0.063, 0.045, 0.034",Table C.3(5) of ANSI/RESNET/ICC 301-2022 Addendum C
general_water_use,GeneralWaterUseMonthlyScheduleMultipliers,N/A,month_multipliers,"1.0, 1.0, 1.0, 1.0, 1.0, 1.0, 1.0, 1.0, 1.0, 1.0, 1.0, 1.0",
lighting_interior,InteriorWeekdayScheduleFractions,Indoor Lighting,weekday_fractions,"0.012, 0.010, 0.010, 0.010, 0.011, 0.018, 0.030, 0.038, 0.041, 0.041, 0.039, 0.037, 0.036, 0.035, 0.037, 0.041, 0.050, 0.065, 0.086, 0.106, 0.110, 0.079, 0.040, 0.018",Table C.3(3) of ANSI/RESNET/ICC 301-2022 Addendum C
lighting_interior,InteriorWeekendScheduleFractions,Indoor Lighting,weekend_fractions,"0.007, 0.006, 0.006, 0.006, 0.007, 0.011, 0.018, 0.023, 0.025, 0.094, 0.090, 0.085, 0.083, 0.080, 0.063, 0.049, 0.039, 0.040, 0.052, 0.065, 0.067, 0.048, 0.024, 0.011",Derived from ANSI/RESNET/ICC 301-2022 Table C.3(3) weekday fractions scaled by ASHRAE 90.2/HERS weekend/weekday occupancy ratio
lighting_interior,InteriorMonthlyScheduleMultipliers,Indoor Lighting,month_multipliers,"1.19, 1.11, 1.02, 0.93, 0.84, 0.80, 0.82, 0.88, 0.98, 1.07, 1.16, 1.20",Table C.3(4) of ANSI/RESNET/ICC 301-2022 Addendum C
lighting_exterior,ExteriorWeekdayScheduleFractions,Exterior Lighting,weekday_fractions,"0.040, 0.037, 0.037, 0.035, 0.035, 0.039, 0.044, 0.041, 0.031, 0.025, 0.024, 0.024, 0.025, 0.028, 0.030, 0.035, 0.044, 0.056, 0.064, 0.068, 0.070, 0.065, 0.056, 0.047",Table C.3(3) of ANSI/RESNET/ICC 301-2022 Addendum C
lighting_exterior,ExteriorWeekendScheduleFractions,Exterior Lighting,weekend_fractions,"0.028, 0.026, 0.026, 0.024, 0.024, 0.027, 0.030, 0.028, 0.021, 0.065, 0.062, 0.062, 0.065, 0.073, 0.057, 0.047, 0.039, 0.039, 0.044, 0.047, 0.048, 0.045, 0.039, 0.032",Derived from ANSI/RESNET/ICC 301-2022 Table C.3(3) weekday fractions scaled by ASHRAE 90.2/HERS weekend/weekday occupancy ratio
lighting_exterior,ExteriorMonthlyScheduleMultipliers,Exterior Lighting,month_multipliers,"1.19, 1.11, 1.02, 0.93, 0.84, 0.80, 0.82, 0.88, 0.98, 1.07, 1.16, 1.20",Table C.3(4) of ANSI/RESNET/ICC 301-2022 Addendum C
lighting_garage,GarageWeekdayScheduleFractions,Garage Lighting,weekday_fractions,"0.023, 0.019, 0.015, 0.017, 0.021, 0.031, 0.042, 0.041, 0.034, 0.029, 0.027, 0.025, 0.021, 0.021, 0.021, 0.026, 0.031, 0.044, 0.084, 0.117, 0.113, 0.096, 0.063, 0.039",Table C.3(3) of ANSI/RESNET/ICC 301-2022 Addendum C
lighting_garage,GarageWeekendScheduleFractions,Garage Lighting,weekend_fractions,"0.016, 0.013, 0.011, 0.012, 0.015, 0.022, 0.030, 0.029, 0.024, 0.077, 0.072, 0.067, 0.056, 0.056, 0.041, 0.036, 0.028, 0.031, 0.060, 0.083, 0.080, 0.068, 0.045, 0.028",Derived from ANSI/RESNET/ICC 301-2022 Table C.3(3) weekday fractions scaled by ASHRAE 90.2/HERS weekend/weekday occupancy ratio
lighting_garage,GarageMonthlyScheduleMultipliers,Garage Lighting,month_multipliers,"1.19, 1.11, 1.02, 0.93, 0.84, 0.80, 0.82, 0.88, 0.98, 1.07, 1.16, 1.20",Table C.3(4) of ANSI/RESNET/ICC 301-2022 Addendum C
lighting_exterior_holiday,WeekdayScheduleFractions,N/A,weekday_fractions,"0.0, 0.0, 0.0, 0.0, 0.0, 0.0, 0.0, 0.0, 0.0, 0.0, 0.0, 0.0, 0.0, 0.0, 0.0, 0.0, 0.008, 0.098, 0.168, 0.194, 0.284, 0.192, 0.037, 0.019",
lighting_exterior_holiday,WeekendScheduleFractions,N/A,weekend_fractions,"0.0, 0.0, 0.0, 0.0, 0.0, 0.0, 0.0, 0.0, 0.0, 0.0, 0.0, 0.0, 0.0, 0.0, 0.0, 0.0, 0.008, 0.098, 0.168, 0.194, 0.284, 0.192, 0.037, 0.019",
cooking_range,WeekdayScheduleFractions,Cooking Range,weekday_fractions,"0.008, 0.008, 0.008, 0.008, 0.008, 0.015, 0.023, 0.039, 0.046, 0.046, 0.046, 0.054, 0.062, 0.046, 0.039, 0.054, 0.076, 0.134, 0.114, 0.058, 0.039, 0.031, 0.023, 0.015",Table C.3(1) of ANSI/RESNET/ICC 301-2022 Addendum C
cooking_range,WeekendScheduleFractions,Cooking Range,weekend_fractions,"0.004, 0.004, 0.004, 0.004, 0.004, 0.008, 0.012, 0.021, 0.025, 0.094, 0.094, 0.110, 0.127, 0.094, 0.059, 0.057, 0.053, 0.073, 0.062, 0.031, 0.021, 0.017, 0.012, 0.008",Derived from ANSI/RESNET/ICC 301-2022 Table C.3(1) weekday fractions scaled by ASHRAE 90.2/HERS weekend/weekday occupancy ratio
cooking_range,MonthlyScheduleMultipliers,Cooking Range,month_multipliers,"1.0, 1.0, 1.0, 1.0, 1.0, 1.0, 1.0, 1.0, 1.0, 1.0, 1.0, 1.0",
refrigerator,WeekdayScheduleFractions,Refrigerator,weekday_fractions,"0.040, 0.039, 0.038, 0.037, 0.036, 0.036, 0.038, 0.040, 0.041, 0.041, 0.040, 0.040, 0.042, 0.042, 0.042, 0.041, 0.044, 0.048, 0.050, 0.048, 0.047, 0.046, 0.044, 0.041",Figure 16 of the `2010 BAHSP <https://www1.eere.energy.gov/buildings/publications/pdfs/building_america/house_simulation.pdf>`_
refrigerator,WeekendScheduleFractions,Refrigerator,weekend_fractions,"0.040, 0.039, 0.038, 0.037, 0.036, 0.036, 0.038, 0.040, 0.041, 0.041, 0.040, 0.040, 0.042, 0.042, 0.042, 0.041, 0.044, 0.048, 0.050, 0.048, 0.047, 0.046, 0.044, 0.041",Figure 16 of the `2010 BAHSP <https://www1.eere.energy.gov/buildings/publications/pdfs/building_america/house_simulation.pdf>`_
refrigerator,MonthlyScheduleMultipliers,Refrigerator,month_multipliers,"0.837, 0.835, 1.084, 1.084, 1.084, 1.096, 1.096, 1.096, 1.096, 0.931, 0.925, 0.837",Figure 24 of the `2010 BAHSP <https://www1.eere.energy.gov/buildings/publications/pdfs/building_america/house_simulation.pdf>`_
refrigerator,ConstantScheduleCoefficients,N/A,N/A,"-0.487, -0.340, -0.370, -0.361, -0.515, -0.684, -0.471, -0.159, -0.079, -0.417, -0.411, -0.386, -0.240, -0.314, -0.160, -0.121, -0.469, -0.412, -0.091, 0.077, -0.118, -0.247, -0.445, -0.544",Table C.3(2) of ANSI/RESNET/ICC 301-2022 Addendum C
refrigerator,TemperatureScheduleCoefficients,N/A,N/A,"0.019, 0.016, 0.017, 0.016, 0.018, 0.021, 0.019, 0.015, 0.015, 0.019, 0.018, 0.018, 0.016, 0.017, 0.015, 0.015, 0.020, 0.020, 0.017, 0.014, 0.016, 0.017, 0.019, 0.020",Table C.3(2) of ANSI/RESNET/ICC 301-2022 Addendum C
extra_refrigerator,WeekdayScheduleFractions,N/A,weekday_fractions,"0.040, 0.039, 0.038, 0.037, 0.036, 0.036, 0.038, 0.040, 0.041, 0.041, 0.040, 0.040, 0.042, 0.042, 0.042, 0.041, 0.044, 0.048, 0.050, 0.048, 0.047, 0.046, 0.044, 0.041",Figure 16 of the `2010 BAHSP <https://www1.eere.energy.gov/buildings/publications/pdfs/building_america/house_simulation.pdf>`_
extra_refrigerator,WeekendScheduleFractions,N/A,weekend_fractions,"0.040, 0.039, 0.038, 0.037, 0.036, 0.036, 0.038, 0.040, 0.041, 0.041, 0.040, 0.040, 0.042, 0.042, 0.042, 0.041, 0.044, 0.048, 0.050, 0.048, 0.047, 0.046, 0.044, 0.041",Figure 16 of the `2010 BAHSP <https://www1.eere.energy.gov/buildings/publications/pdfs/building_america/house_simulation.pdf>`_
extra_refrigerator,MonthlyScheduleMultipliers,N/A,month_multipliers,"0.837, 0.835, 1.084, 1.084, 1.084, 1.096, 1.096, 1.096, 1.096, 0.931, 0.925, 0.837",Figure 24 of the `2010 BAHSP <https://www1.eere.energy.gov/buildings/publications/pdfs/building_america/house_simulation.pdf>`_
extra_refrigerator,ConstantScheduleCoefficients,N/A,N/A,"-0.487, -0.340, -0.370, -0.361, -0.515, -0.684, -0.471, -0.159, -0.079, -0.417, -0.411, -0.386, -0.240, -0.314, -0.160, -0.121, -0.469, -0.412, -0.091, -0.077, -0.118, -0.247, -0.445, -0.544",Table C.3(2) of ANSI/RESNET/ICC 301-2022 Addendum C
extra_refrigerator,TemperatureScheduleCoefficients,N/A,N/A,"0.019, 0.016, 0.017, 0.016, 0.018, 0.021, 0.019, 0.015, 0.015, 0.019, 0.018, 0.018, 0.016, 0.017, 0.015, 0.015, 0.020, 0.020, 0.017, 0.014, 0.016, 0.017, 0.019, 0.020",Table C.3(2) of ANSI/RESNET/ICC 301-2022 Addendum C
freezer,WeekdayScheduleFractions,N/A,weekday_fractions,"0.040, 0.039, 0.038, 0.037, 0.036, 0.036, 0.038, 0.040, 0.041, 0.041, 0.040, 0.040, 0.042, 0.042, 0.042, 0.041, 0.044, 0.048, 0.050, 0.048, 0.047, 0.046, 0.044, 0.041",Figure 16 of the `2010 BAHSP <https://www1.eere.energy.gov/buildings/publications/pdfs/building_america/house_simulation.pdf>`_
freezer,WeekendScheduleFractions,N/A,weekend_fractions,"0.040, 0.039, 0.038, 0.037, 0.036, 0.036, 0.038, 0.040, 0.041, 0.041, 0.040, 0.040, 0.042, 0.042, 0.042, 0.041, 0.044, 0.048, 0.050, 0.048, 0.047, 0.046, 0.044, 0.041",Figure 16 of the `2010 BAHSP <https://www1.eere.energy.gov/buildings/publications/pdfs/building_america/house_simulation.pdf>`_
freezer,MonthlyScheduleMultipliers,N/A,month_multipliers,"0.837, 0.835, 1.084, 1.084, 1.084, 1.096, 1.096, 1.096, 1.096, 0.931, 0.925, 0.837",Figure 24 of the `2010 BAHSP <https://www1.eere.energy.gov/buildings/publications/pdfs/building_america/house_simulation.pdf>`_
dishwasher,WeekdayScheduleFractions,Dishwasher,weekday_fractions,"0.015, 0.007, 0.005, 0.003, 0.003, 0.010, 0.020, 0.031, 0.058, 0.065, 0.056, 0.048, 0.042, 0.046, 0.036, 0.038, 0.038, 0.049, 0.087, 0.111, 0.090, 0.067, 0.044, 0.031",Table C.3(1) of ANSI/RESNET/ICC 301-2022 Addendum C
dishwasher,WeekendScheduleFractions,Dishwasher,weekend_fractions,"0.008, 0.004, 0.003, 0.002, 0.002, 0.005, 0.011, 0.017, 0.032, 0.134, 0.116, 0.099, 0.087, 0.095, 0.055, 0.041, 0.027, 0.027, 0.048, 0.061, 0.049, 0.037, 0.024, 0.017",Derived from ANSI/RESNET/ICC 301-2022 Table C.3(1) weekday fractions scaled by ASHRAE 90.2/HERS weekend/weekday occupancy ratio
dishwasher,MonthlyScheduleMultipliers,Dishwasher,month_multipliers,"1.0, 1.0, 1.0, 1.0, 1.0, 1.0, 1.0, 1.0, 1.0, 1.0, 1.0, 1.0",
clothes_washer,WeekdayScheduleFractions,Clothes Washer,weekday_fractions,"0.009, 0.007, 0.004, 0.004, 0.007, 0.011, 0.022, 0.049, 0.073, 0.086, 0.084, 0.075, 0.067, 0.060, 0.049, 0.051, 0.050, 0.049, 0.049, 0.049, 0.049, 0.047, 0.032, 0.017",Table C.3(1) of ANSI/RESNET/ICC 301-2022 Addendum C
clothes_washer,WeekendScheduleFractions,Clothes Washer,weekend_fractions,"0.004, 0.003, 0.002, 0.002, 0.003, 0.005, 0.010, 0.023, 0.034, 0.149, 0.145, 0.130, 0.116, 0.104, 0.062, 0.046, 0.030, 0.023, 0.023, 0.023, 0.023, 0.022, 0.015, 0.008",Derived from ANSI/RESNET/ICC 301-2022 Table C.3(1) weekday fractions scaled by ASHRAE 90.2/HERS weekend/weekday occupancy ratio
clothes_washer,MonthlyScheduleMultipliers,Clothes Washer,month_multipliers,"1.0, 1.0, 1.0, 1.0, 1.0, 1.0, 1.0, 1.0, 1.0, 1.0, 1.0, 1.0",
clothes_dryer,WeekdayScheduleFractions,Clothes Dryer,weekday_fractions,"0.010, 0.006, 0.004, 0.002, 0.004, 0.006, 0.016, 0.032, 0.048, 0.068, 0.078, 0.081, 0.074, 0.067, 0.058, 0.061, 0.055, 0.054, 0.051, 0.051, 0.052, 0.054, 0.044, 0.024",Table C.3(1) of ANSI/RESNET/ICC 301-2022 Addendum C
clothes_dryer,WeekendScheduleFractions,Clothes Dryer,weekend_fractions,"0.005, 0.003, 0.002, 0.001, 0.002, 0.003, 0.007, 0.015, 0.022, 0.117, 0.134, 0.139, 0.127, 0.115, 0.073, 0.054, 0.032, 0.025, 0.023, 0.023, 0.024, 0.025, 0.020, 0.011",Derived from ANSI/RESNET/ICC 301-2022 Table C.3(1) weekday fractions scaled by ASHRAE 90.2/HERS weekend/weekday occupancy ratio
clothes_dryer,MonthlyScheduleMultipliers,Clothes Dryer,month_multipliers,"1.0, 1.0, 1.0, 1.0, 1.0, 1.0, 1.0, 1.0, 1.0, 1.0, 1.0, 1.0",
ceiling_fan,WeekdayScheduleFractions,Ceiling Fan,weekday_fractions,"0.057, 0.057, 0.057, 0.057, 0.057, 0.057, 0.057, 0.024, 0.024, 0.024, 0.024, 0.024, 0.024, 0.024, 0.024, 0.024, 0.024, 0.024, 0.052, 0.057, 0.057, 0.057, 0.057, 0.057",Table C.3(5) of ANSI/RESNET/ICC 301-2022 Addendum C
ceiling_fan,WeekendScheduleFractions,Ceiling Fan,weekend_fractions,"0.041, 0.041, 0.041, 0.041, 0.041, 0.041, 0.041, 0.017, 0.017, 0.064, 0.064, 0.064, 0.064, 0.064, 0.047, 0.033, 0.022, 0.017, 0.037, 0.041, 0.041, 0.041, 0.041, 0.041",Derived from ANSI/RESNET/ICC 301-2022 Table C.3(5) weekday fractions scaled by ASHRAE 90.2/HERS weekend/weekday occupancy ratio
plug_loads_other,WeekdayScheduleFractions,MELs,weekday_fractions,"0.036, 0.036, 0.036, 0.036, 0.036, 0.036, 0.038, 0.041, 0.042, 0.042, 0.042, 0.042, 0.042, 0.042, 0.042, 0.044, 0.047, 0.050, 0.051, 0.050, 0.048, 0.044, 0.040, 0.037",Table C.3(1) of ANSI/RESNET/ICC 301-2022 Addendum C
plug_loads_other,WeekendScheduleFractions,MELs,weekend_fractions,"0.021, 0.021, 0.021, 0.021, 0.021, 0.021, 0.022, 0.024, 0.025, 0.092, 0.092, 0.092, 0.092, 0.092, 0.068, 0.050, 0.035, 0.029, 0.030, 0.029, 0.028, 0.026, 0.023, 0.022",Derived from ANSI/RESNET/ICC 301-2022 Table C.3(1) weekday fractions scaled by ASHRAE 90.2/HERS weekend/weekday occupancy ratio
plug_loads_other,MonthlyScheduleMultipliers,MELs,month_multipliers,"1.0, 1.0, 1.0, 1.0, 1.0, 1.0, 1.0, 1.0, 1.0, 1.0, 1.0, 1.0",
plug_loads_tv,WeekdayScheduleFractions,TV,weekday_fractions,"0.014, 0.007, 0.004, 0.003, 0.004, 0.006, 0.010, 0.015, 0.020, 0.025, 0.028, 0.031, 0.033, 0.038, 0.042, 0.046, 0.054, 0.062, 0.080, 0.110, 0.132, 0.125, 0.077, 0.034",Table C.3(1) of ANSI/RESNET/ICC 301-2022 Addendum C
plug_loads_tv,WeekendScheduleFractions,TV,weekend_fractions,"0.009, 0.004, 0.003, 0.002, 0.003, 0.004, 0.006, 0.010, 0.013, 0.060, 0.067, 0.075, 0.080, 0.092, 0.075, 0.057, 0.044, 0.040, 0.051, 0.070, 0.085, 0.080, 0.049, 0.022",Derived from ANSI/RESNET/ICC 301-2022 Table C.3(1) weekday fractions scaled by ASHRAE 90.2/HERS weekend/weekday occupancy ratio
plug_loads_tv,MonthlyScheduleMultipliers,TV,month_multipliers,"1.0, 1.0, 1.0, 1.0, 1.0, 1.0, 1.0, 1.0, 1.0, 1.0, 1.0, 1.0",
plug_loads_vehicle,WeekdayScheduleFractions,N/A,weekday_fractions,"0.042, 0.042, 0.042, 0.042, 0.042, 0.042, 0.042, 0.042, 0.042, 0.042, 0.042, 0.042, 0.042, 0.042, 0.042, 0.042, 0.042, 0.042, 0.042, 0.042, 0.042, 0.042, 0.042, 0.042",
plug_loads_vehicle,WeekendScheduleFractions,N/A,weekend_fractions,"0.042, 0.042, 0.042, 0.042, 0.042, 0.042, 0.042, 0.042, 0.042, 0.042, 0.042, 0.042, 0.042, 0.042, 0.042, 0.042, 0.042, 0.042, 0.042, 0.042, 0.042, 0.042, 0.042, 0.042",
plug_loads_vehicle,MonthlyScheduleMultipliers,N/A,month_multipliers,"1.0, 1.0, 1.0, 1.0, 1.0, 1.0, 1.0, 1.0, 1.0, 1.0, 1.0, 1.0",
plug_loads_well_pump,WeekdayScheduleFractions,Well Pump,weekday_fractions,"0.044, 0.023, 0.019, 0.015, 0.016, 0.018, 0.026, 0.033, 0.033, 0.032, 0.033, 0.033, 0.032, 0.032, 0.032, 0.033, 0.045, 0.057, 0.066, 0.076, 0.081, 0.086, 0.075, 0.065",Figure 23 of the `2010 BAHSP <https://www1.eere.energy.gov/buildings/publications/pdfs/building_america/house_simulation.pdf>`_
plug_loads_well_pump,WeekendScheduleFractions,Well Pump,weekend_fractions,"0.044, 0.023, 0.019, 0.015, 0.016, 0.018, 0.026, 0.033, 0.033, 0.032, 0.033, 0.033, 0.032, 0.032, 0.032, 0.033, 0.045, 0.057, 0.066, 0.076, 0.081, 0.086, 0.075, 0.065",Figure 23 of the `2010 BAHSP <https://www1.eere.energy.gov/buildings/publications/pdfs/building_america/house_simulation.pdf>`_
plug_loads_well_pump,MonthlyScheduleMultipliers,Well Pump,month_multipliers,"1.0, 1.0, 1.0, 1.0, 1.0, 1.0, 1.0, 1.0, 1.0, 1.0, 1.0, 1.0",
fuel_loads_grill,WeekdayScheduleFractions,Gas Grill,weekday_fractions,"0.004, 0.001, 0.001, 0.002, 0.007, 0.012, 0.029, 0.046, 0.044, 0.041, 0.044, 0.046, 0.042, 0.038, 0.049, 0.059, 0.110, 0.161, 0.115, 0.070, 0.044, 0.019, 0.013, 0.007",Figure 23 of the `2010 BAHSP <https://www1.eere.energy.gov/buildings/publications/pdfs/building_america/house_simulation.pdf>`_
fuel_loads_grill,WeekendScheduleFractions,Gas Grill,weekend_fractions,"0.004, 0.001, 0.001, 0.002, 0.007, 0.012, 0.029, 0.046, 0.044, 0.041, 0.044, 0.046, 0.042, 0.038, 0.049, 0.059, 0.110, 0.161, 0.115, 0.070, 0.044, 0.019, 0.013, 0.007",Figure 23 of the `2010 BAHSP <https://www1.eere.energy.gov/buildings/publications/pdfs/building_america/house_simulation.pdf>`_
fuel_loads_grill,MonthlyScheduleMultipliers,Gas Grill,month_multipliers,"1.0, 1.0, 1.0, 1.0, 1.0, 1.0, 1.0, 1.0, 1.0, 1.0, 1.0, 1.0",
fuel_loads_lighting,WeekdayScheduleFractions,Gas Lighting,weekday_fractions,"0.044, 0.023, 0.019, 0.015, 0.016, 0.018, 0.026, 0.033, 0.033, 0.032, 0.033, 0.033, 0.032, 0.032, 0.032, 0.033, 0.045, 0.057, 0.066, 0.076, 0.081, 0.086, 0.075, 0.065",Figure 23 of the `2010 BAHSP <https://www1.eere.energy.gov/buildings/publications/pdfs/building_america/house_simulation.pdf>`_
fuel_loads_lighting,WeekendScheduleFractions,Gas Lighting,weekend_fractions,"0.044, 0.023, 0.019, 0.015, 0.016, 0.018, 0.026, 0.033, 0.033, 0.032, 0.033, 0.033, 0.032, 0.032, 0.032, 0.033, 0.045, 0.057, 0.066, 0.076, 0.081, 0.086, 0.075, 0.065",Figure 23 of the `2010 BAHSP <https://www1.eere.energy.gov/buildings/publications/pdfs/building_america/house_simulation.pdf>`_
fuel_loads_lighting,MonthlyScheduleMultipliers,Gas Lighting,month_multipliers,"1.0, 1.0, 1.0, 1.0, 1.0, 1.0, 1.0, 1.0, 1.0, 1.0, 1.0, 1.0",
fuel_loads_fireplace,WeekdayScheduleFractions,Gas Fireplace,weekday_fractions,"0.044, 0.023, 0.019, 0.015, 0.016, 0.018, 0.026, 0.033, 0.033, 0.032, 0.033, 0.033, 0.032, 0.032, 0.032, 0.033, 0.045, 0.057, 0.066, 0.076, 0.081, 0.086, 0.075, 0.065",Figure 23 of the `2010 BAHSP <https://www1.eere.energy.gov/buildings/publications/pdfs/building_america/house_simulation.pdf>`_
fuel_loads_fireplace,WeekendScheduleFractions,Gas Fireplace,weekend_fractions,"0.044, 0.023, 0.019, 0.015, 0.016, 0.018, 0.026, 0.033, 0.033, 0.032, 0.033, 0.033, 0.032, 0.032, 0.032, 0.033, 0.045, 0.057, 0.066, 0.076, 0.081, 0.086, 0.075, 0.065",Figure 23 of the `2010 BAHSP <https://www1.eere.energy.gov/buildings/publications/pdfs/building_america/house_simulation.pdf>`_
fuel_loads_fireplace,MonthlyScheduleMultipliers,Gas Fireplace,month_multipliers,"1.0, 1.0, 1.0, 1.0, 1.0, 1.0, 1.0, 1.0, 1.0, 1.0, 1.0, 1.0",
pool_pump,WeekdayScheduleFractions,Pool Pump,weekday_fractions,"0.003, 0.003, 0.003, 0.004, 0.008, 0.015, 0.026, 0.044, 0.084, 0.121, 0.127, 0.121, 0.120, 0.090, 0.075, 0.061, 0.037, 0.023, 0.013, 0.008, 0.004, 0.003, 0.003, 0.003",Figure 23 of the `2010 BAHSP <https://www1.eere.energy.gov/buildings/publications/pdfs/building_america/house_simulation.pdf>`_
pool_pump,WeekendScheduleFractions,Pool Pump,weekend_fractions,"0.003, 0.003, 0.003, 0.004, 0.008, 0.015, 0.026, 0.044, 0.084, 0.121, 0.127, 0.121, 0.120, 0.090, 0.075, 0.061, 0.037, 0.023, 0.013, 0.008, 0.004, 0.003, 0.003, 0.003",Figure 23 of the `2010 BAHSP <https://www1.eere.energy.gov/buildings/publications/pdfs/building_america/house_simulation.pdf>`_
pool_pump,MonthlyScheduleMultipliers,Pool Pump,month_multipliers,"1.154, 1.161, 1.013, 1.010, 1.013, 0.888, 0.883, 0.883, 0.888, 0.978, 0.974, 1.154",Figure 24 of the `2010 BAHSP <https://www1.eere.energy.gov/buildings/publications/pdfs/building_america/house_simulation.pdf>`_
pool_heater,WeekdayScheduleFractions,Pool Heater,weekday_fractions,"0.003, 0.003, 0.003, 0.004, 0.008, 0.015, 0.026, 0.044, 0.084, 0.121, 0.127, 0.121, 0.120, 0.090, 0.075, 0.061, 0.037, 0.023, 0.013, 0.008, 0.004, 0.003, 0.003, 0.003",Figure 23 of the `2010 BAHSP <https://www1.eere.energy.gov/buildings/publications/pdfs/building_america/house_simulation.pdf>`_
pool_heater,WeekendScheduleFractions,Pool Heater,weekend_fractions,"0.003, 0.003, 0.003, 0.004, 0.008, 0.015, 0.026, 0.044, 0.084, 0.121, 0.127, 0.121, 0.120, 0.090, 0.075, 0.061, 0.037, 0.023, 0.013, 0.008, 0.004, 0.003, 0.003, 0.003",Figure 23 of the `2010 BAHSP <https://www1.eere.energy.gov/buildings/publications/pdfs/building_america/house_simulation.pdf>`_
pool_heater,MonthlyScheduleMultipliers,Pool Heater,month_multipliers,"1.154, 1.161, 1.013, 1.010, 1.013, 0.888, 0.883, 0.883, 0.888, 0.978, 0.974, 1.154",Figure 24 of the `2010 BAHSP <https://www1.eere.energy.gov/buildings/publications/pdfs/building_america/house_simulation.pdf>`_
permanent_spa_pump,WeekdayScheduleFractions,Spa Pump,weekday_fractions,"0.024, 0.029, 0.024, 0.029, 0.047, 0.067, 0.057, 0.024, 0.024, 0.019, 0.015, 0.014, 0.014, 0.014, 0.024, 0.058, 0.126, 0.122, 0.068, 0.061, 0.051, 0.043, 0.024, 0.024",Figure 23 of the `2010 BAHSP <https://www1.eere.energy.gov/buildings/publications/pdfs/building_america/house_simulation.pdf>`_
permanent_spa_pump,WeekendScheduleFractions,Spa Pump,weekend_fractions,"0.024, 0.029, 0.024, 0.029, 0.047, 0.067, 0.057, 0.024, 0.024, 0.019, 0.015, 0.014, 0.014, 0.014, 0.024, 0.058, 0.126, 0.122, 0.068, 0.061, 0.051, 0.043, 0.024, 0.024",Figure 23 of the `2010 BAHSP <https://www1.eere.energy.gov/buildings/publications/pdfs/building_america/house_simulation.pdf>`_
permanent_spa_pump,MonthlyScheduleMultipliers,Spa Pump,month_multipliers,"0.921, 0.928, 0.921, 0.915, 0.921, 1.160, 1.158, 1.158, 1.160, 0.921, 0.915, 0.921",Figure 24 of the `2010 BAHSP <https://www1.eere.energy.gov/buildings/publications/pdfs/building_america/house_simulation.pdf>`_
permanent_spa_heater,WeekdayScheduleFractions,Spa Heater,weekday_fractions,"0.024, 0.029, 0.024, 0.029, 0.047, 0.067, 0.057, 0.024, 0.024, 0.019, 0.015, 0.014, 0.014, 0.014, 0.024, 0.058, 0.126, 0.122, 0.068, 0.061, 0.051, 0.043, 0.024, 0.024",Figure 23 of the `2010 BAHSP <https://www1.eere.energy.gov/buildings/publications/pdfs/building_america/house_simulation.pdf>`_
permanent_spa_heater,WeekendScheduleFractions,Spa Heater,weekend_fractions,"0.024, 0.029, 0.024, 0.029, 0.047, 0.067, 0.057, 0.024, 0.024, 0.019, 0.015, 0.014, 0.014, 0.014, 0.024, 0.058, 0.126, 0.122, 0.068, 0.061, 0.051, 0.043, 0.024, 0.024",Figure 23 of the `2010 BAHSP <https://www1.eere.energy.gov/buildings/publications/pdfs/building_america/house_simulation.pdf>`_
permanent_spa_heater,MonthlyScheduleMultipliers,Spa Heater,month_multipliers,"0.921, 0.928, 0.921, 0.915, 0.921, 1.160, 1.158, 1.158, 1.160, 0.921, 0.915, 0.921",Figure 24 of the `2010 BAHSP <https://www1.eere.energy.gov/buildings/publications/pdfs/building_america/house_simulation.pdf>`_
hot_water_fixtures,WaterFixturesWeekdayScheduleFractions,Water Heating,weekday_fractions,"0.012, 0.006, 0.004, 0.005, 0.010, 0.034, 0.078, 0.086, 0.080, 0.067, 0.056, 0.047, 0.040, 0.035, 0.033, 0.031, 0.038, 0.051, 0.060, 0.060, 0.055, 0.048, 0.038, 0.026",Table C.3(5) of ANSI/RESNET/ICC 301-2022 Addendum C
hot_water_fixtures,WaterFixturesWeekendScheduleFractions,Water Heating,weekend_fractions,"0.007, 0.003, 0.002, 0.003, 0.006, 0.019, 0.044, 0.048, 0.045, 0.142, 0.119, 0.100, 0.085, 0.074, 0.052, 0.034, 0.027, 0.029, 0.034, 0.034, 0.031, 0.027, 0.021, 0.015",Derived from ANSI/RESNET/ICC 301-2022 Table C.3(5) weekday fractions scaled by ASHRAE 90.2/HERS weekend/weekday occupancy ratio
hot_water_fixtures,WaterFixturesMonthlyScheduleMultipliers,Water Heating,month_multipliers,"1.0, 1.0, 1.0, 1.0, 1.0, 1.0, 1.0, 1.0, 1.0, 1.0, 1.0, 1.0",
hot_water_recirculation_pump_no_control,RecirculationPumpWeekdayScheduleFractions,N/A,N/A,"0.042, 0.042, 0.042, 0.042, 0.042, 0.042, 0.042, 0.042, 0.042, 0.042, 0.042, 0.042, 0.042, 0.042, 0.042, 0.042, 0.042, 0.042, 0.042, 0.042, 0.042, 0.042, 0.042, 0.042",Equation 4.2-43a of ANSI/RESNET/ICC 301-2022 Addendum C
hot_water_recirculation_pump_no_control,RecirculationPumpWeekendScheduleFractions,N/A,N/A,"0.042, 0.042, 0.042, 0.042, 0.042, 0.042, 0.042, 0.042, 0.042, 0.042, 0.042, 0.042, 0.042, 0.042, 0.042, 0.042, 0.042, 0.042, 0.042, 0.042, 0.042, 0.042, 0.042, 0.042",Equation 4.2-43a of ANSI/RESNET/ICC 301-2022 Addendum C
hot_water_recirculation_pump_demand_control,RecirculationPumpWeekdayScheduleFractions,N/A,N/A,"0.012, 0.006, 0.004, 0.005, 0.010, 0.034, 0.078, 0.086, 0.080, 0.067, 0.056, 0.047, 0.040, 0.035, 0.033, 0.031, 0.038, 0.051, 0.060, 0.060, 0.055, 0.048, 0.038, 0.026",Table C.3(5) of ANSI/RESNET/ICC 301-2022 Addendum C
hot_water_recirculation_pump_demand_control,RecirculationPumpWeekendScheduleFractions,N/A,N/A,"0.012, 0.006, 0.004, 0.005, 0.010, 0.034, 0.078, 0.086, 0.080, 0.067, 0.056, 0.047, 0.040, 0.035, 0.033, 0.031, 0.038, 0.051, 0.060, 0.060, 0.055, 0.048, 0.038, 0.026",Table C.3(5) of ANSI/RESNET/ICC 301-2022 Addendum C
hot_water_recirculation_pump_temperature_control,RecirculationPumpWeekdayScheduleFractions,N/A,N/A,"0.067, 0.072, 0.074, 0.073, 0.069, 0.048, 0.011, 0.003, 0.009, 0.020, 0.030, 0.037, 0.043, 0.047, 0.050, 0.051, 0.044, 0.034, 0.026, 0.026, 0.030, 0.036, 0.045, 0.055",Table C.3(5) of ANSI/RESNET/ICC 301-2022 Addendum C
hot_water_recirculation_pump_temperature_control,RecirculationPumpWeekendScheduleFractions,N/A,N/A,"0.067, 0.072, 0.074, 0.073, 0.069, 0.048, 0.011, 0.003, 0.009, 0.020, 0.030, 0.037, 0.043, 0.047, 0.050, 0.051, 0.044, 0.034, 0.026, 0.026, 0.030, 0.036, 0.045, 0.055",Table C.3(5) of ANSI/RESNET/ICC 301-2022 Addendum C
hot_water_recirculation_pump,RecirculationPumpMonthlyScheduleMultipliers,N/A,N/A,"1.0, 1.0, 1.0, 1.0, 1.0, 1.0, 1.0, 1.0, 1.0, 1.0, 1.0, 1.0",
heating_setpoint,WeekdayScheduleFractions,HVAC Heating,weekday_fractions,"1.0, 1.0, 1.0, 1.0, 1.0, 1.0, 1.0, 1.0, 1.0, 1.0, 1.0, 1.0, 1.0, 1.0, 1.0, 1.0, 1.0, 1.0, 1.0, 1.0, 1.0, 1.0, 1.0, 1.0",HERS Reference Home: 68°F (20°C) constant heating setpoint (ASHRAE 90.2)
heating_setpoint,WeekendScheduleFractions,HVAC Heating,weekend_fractions,"1.0, 1.0, 1.0, 1.0, 1.0, 1.0, 1.0, 1.0, 1.0, 1.0, 1.0, 1.0, 1.0, 1.0, 1.0, 1.0, 1.0, 1.0, 1.0, 1.0, 1.0, 1.0, 1.0, 1.0",HERS Reference Home: 68°F (20°C) constant heating setpoint (ASHRAE 90.2)
heating_setpoint,MonthlyScheduleMultipliers,HVAC Heating,month_multipliers,"1.0, 1.0, 1.0, 1.0, 1.0, 1.0, 1.0, 1.0, 1.0, 1.0, 1.0, 1.0",HERS Reference Home: 68°F (20°C) constant heating setpoint (ASHRAE 90.2)
cooling_setpoint,WeekdayScheduleFractions,HVAC Cooling,weekday_fractions,"1.0, 1.0, 1.0, 1.0, 1.0, 1.0, 1.0, 1.0, 1.0, 1.0, 1.0, 1.0, 1.0, 1.0, 1.0, 1.0, 1.0, 1.0, 1.0, 1.0, 1.0, 1.0, 1.0, 1.0",HERS Reference Home: 75°F (24°C) constant cooling setpoint (ASHRAE 90.2)
cooling_setpoint,WeekendScheduleFractions,HVAC Cooling,weekend_fractions,"1.0, 1.0, 1.0, 1.0, 1.0, 1.0, 1.0, 1.0, 1.0, 1.0, 1.0, 1.0, 1.0, 1.0, 1.0, 1.0, 1.0, 1.0, 1.0, 1.0, 1.0, 1.0, 1.0, 1.0",HERS Reference Home: 75°F (24°C) constant cooling setpoint (ASHRAE 90.2)
cooling_setpoint,MonthlyScheduleMultipliers,HVAC Cooling,month_multipliers,"1.0, 1.0, 1.0, 1.0, 1.0, 1.0, 1.0, 1.0, 1.0, 1.0, 1.0, 1.0",HERS Reference Home: 75°F (24°C) constant cooling setpoint (ASHRAE 90.2)
