HVAC Name,HVAC Efficiency,Number of Speeds,Capacity Ratio 1,Air Flow Ratio 1,COP 1,Capacity Ratio 2,Air Flow Ratio 2,COP 2,Received From,SHR 1,SHR 2,Capacity Ratio 3,Air Flow Ratio 3,COP 3,Capacity Ratio 4,Air Flow Ratio 4,COP 4,SHR 3,SHR 4
ASHP Cooler,15.05 SEER,1,1,1,4.295682561,,,,BEopt,0.736303132,,,,,,,,,
ASHP Cooler,16.0 SEER,2,0.72,0.86,4.33748,1,1,3.99889,testing_500 - bldg0000005,0.71597,0.72878,,,,,,,,
ASHP Cooler,17.0 SEER,2,0.72,0.86,4.64342,1,1,4.29226,testing_500 - bldg0000021,0.71597,0.72878,,,,,,,,
ASHP Cooler,17.05 SEER,2,0.72,0.86,4.64342,1,1,4.29226,BEopt,0.721851216,0.72878,,,,,,,,
ASHP Cooler,18.0 SEER,2,0.72,0.86,4.95399,1,1,4.59165,testing_500 - bldg0000036,0.71597,0.72878,,,,,,,,
ASHP Cooler,18.84 SEER,2,0.72,0.86,5.218551946,1,1,4.847971652,Manual,0.71597,0.72878,,,,,,,,
ASHP Cooler,19.05 SEER,2,0.72,0.86,5.285230483,1,1,4.912758049,BEopt,0.721851216,0.733635953,,,,,,,,
ASHP Cooler,20.0 SEER,4,0.36,0.42,4.892687266,0.51,0.54,4.7,Manual,0.721851216,0.8,0.67,0.68,4.5,1,1,4.3,0.79,0.78
ASHP Cooler,22.0 SEER,4,0.36,0.42,5.92545,0.51,0.54,6.14696,testing_500 - bldg0000134,0.87282,0.80463,0.67,0.68,5.98083,1,1,5.53781,0.79453,0.78453
ASHP Cooler,24.0 SEER,4,0.36,0.42,6.56537945,0.51,0.54,6.810810731,ResStock 2024.2,0.8728212,0.804631493,0.67,0.68,6.626737294,1,1,6.135874106,0.794526816,0.784532542
ASHP Heater,8.82 HSPF,1,1,1,3.922475188,,,,BEopt,,,,,,,,,,
ASHP Heater,8.7 HSPF,2,0.72,0.8,4.12879,1,1,3.5847,testing_500 - bldg0000021,,,,,,,,,,
ASHP Heater,8.94 HSPF,2,0.72,0.8,4.28,1,1,3.77,BEopt,,,,,,,,,,
ASHP Heater,9.0 HSPF,2,0.72,0.8,4.31947,1,1,3.81925,testing_500 - bldg0000005,,,,,,,,,,
ASHP Heater,9.2 HSPF,2,0.72,0.8,4.47579,1,1,4.018063333,Manual,,,,,,,,,,
ASHP Heater,9.3 HSPF,2,0.72,0.8,4.51448,1,1,4.06822,testing_500 - bldg0000036,,,,,,,,,,
ASHP Heater,9.76 HSPF,2,0.72,0.8,4.82227956,1,1,4.48122751,Manual,,,,,,,,,,
ASHP Heater,9.06 HSPF,2,0.72,0.8,4.33,1,1,3.825,BEopt,,,,,,,,,,
ASHP Heater,9.65 HSPF,2,0.72,0.8,4.747672763,1,1,4.378770717,BEopt,,,,,,,,,,
ASHP Heater,9.88 HSPF,2,0.72,0.8,4.904418633,1,1,4.595836253,BEopt,,,,,,,,,,
ASHP Heater,10.0 HSPF,4,0.33,0.63,5.67112,0.56,0.76,4.84428,testing_500 - bldg0000134,,,1,1,4.09417,1.17,1.19,3.91175,,
ASHP Heater,10.47 HSPF,4,0.33,0.63,6.097467675,0.56,0.76,5.208464363,BEopt,,,1,1,4.401967043,1.17,1.19,4.2058363,,
ASHP Heater,11.0 HSPF,4,0.33,0.63,4.55,0.56,0.76,4.36,Manual,,,1,1,4.17,1.17,1.19,3.98,,
ASHP Heater,13.0 HSPF,4,0.33,0.63,9.552598512,0.56,0.76,8.159846183,ResStock 2024.2,,,1,1,6.896350005,1.17,1.19,6.589082265,,
MSHP Cooler,13.0 SEER,4,0.48889,0.52941,3.611863346,0.66667,0.64706,3.344915289,testing_500 - bldg0000120,0.86256,0.7987,0.84444,0.76471,3.077967231,1.2,1,2.811019174,0.75709,0.70255
MSHP Cooler,14.5 SEER,4,0.48889,0.52941,4.36175,0.66667,0.64706,3.77512,testing_500 - bldg0000120,0.86256,0.7987,0.84444,0.76471,3.17313,1.2,1,2.34548,0.75709,0.70255
MSHP Cooler,16.0 SEER,4,0.48889,0.52941,4.33748,0.66667,0.64706,3.66,Manual,0.86256,0.7987,0.84444,0.76,3.33,1.2,1,2.99,0.76,0.7
MSHP Cooler,17.0 SEER,4,0.48889,0.52941,5.13687,0.66667,0.64706,4.44548,testing_500 - bldg0000378,0.86256,0.7987,0.84444,0.76471,3.73585,1.2,1,2.76069,0.75709,0.70255
MSHP Cooler,20.0 SEER,4,0.48889,0.52941,4.892687266,0.66667,0.64706,4.696270366,testing_500 - bldg0000378,0.86256,0.7987,0.84444,0.76471,4.499853467,1.2,1,4.303436567,0.75709,0.70255
MSHP Cooler,24.0 SEER,4,0.48889,0.52941,7.964232567,0.66667,0.64706,6.884431597,Manual,0.86256,0.7987,0.84444,0.76471,5.769690221,1.2,1,4.253150569,0.75709,0.70255
MSHP Cooler,29.3 SEER,4,0.48889,0.52941,9.054697497,0.66667,0.64706,7.831549963,Manual,0.86256,0.7987,0.84444,0.76471,6.574710549,1.2,1,4.851991362,0.75709,0.70255
MSHP Cooler,33.0 SEER,4,0.48889,0.52941,10.26831,0.66667,0.64706,8.87966,testing_500 - bldg0000183,0.86256,0.7987,0.84444,0.76471,7.45227,1.2,1,5.49732,0.75709,0.70255
MSHP Heater,8.2 HSPF,4,0.4,0.55556,4.19929,0.6,0.66667,3.36672,testing_500 - bldg0000120,,,0.8,0.77778,3.08195,1.2,1,2.79114,,
MSHP Heater,9.2 HSPF,4,0.4,0.55556,5.14266,0.6,0.66667,3.96,Manual,,,0.8,0.77778,3.53,1.2,1,3.11,,
MSHP Heater,9.5 HSPF,4,0.4,0.55556,5.14266,0.6,0.66667,4.12161,testing_500 - bldg0000378,,,0.8,0.77778,3.77355,1.2,1,3.41917,,
MSHP Heater,11.0 HSPF,4,0.4,0.55556,4.55,0.6,0.66667,4.36,Manual,,,0.8,0.77778,4.17,1.2,1,3.98,,
MSHP Heater,13.0 HSPF,4,0.4,0.55556,7.893351479,0.6,0.66667,6.282661747,Manual,,,0.8,0.77778,5.758473142,1.2,1,5.2460162,,
MSHP Heater,13.3 HSPF,4,0.4,0.55556,7.74616,0.6,0.66667,6.20218,testing_500 - bldg0000183,,,0.8,0.77778,5.68075,1.2,1,5.15429,,
MSHP Heater,14.0 HSPF,4,0.4,0.55556,8.399982335,0.6,0.66667,6.724045293,Manual,,,0.8,0.77778,6.159368877,1.2,1,5.590475552,,
Gas Furnace,80 AFUE,2,0.65,0.80,0.78,1,1,0.80,Manual,,,,,,,,,,
Gas Furnace,90 AFUE,2,0.65,0.80,0.88,1,1,0.90,Manual,,,,,,,,,,
Air Conditioner,14.0 SEER,1,1,1,4.103,,,,AHRI 210/240-2023 nominal COP = SEER/3.413,,,,,,,,,,
Air Conditioner,15.05 SEER,1,1,1,4.295682561,,,,sourced from ASHP Cooler 15.05 SEER 1-speed -- BEopt,,,,,,,,,,
Air Conditioner,16.0 SEER,2,0.72,0.86,4.33748,1,1,3.99889,sourced from ASHP Cooler 16.0 SEER 2-speed -- testing_500 - bldg0000005,0.71597,0.72878,,,,,,,,
Air Conditioner,17.0 SEER,2,0.72,0.86,4.64342,1,1,4.29226,sourced from ASHP Cooler 17.0 SEER 2-speed -- testing_500 - bldg0000021,0.71597,0.72878,,,,,,,,
Air Conditioner,18.0 SEER,2,0.72,0.86,4.95399,1,1,4.59165,sourced from ASHP Cooler 18.0 SEER 2-speed -- testing_500 - bldg0000036,0.71597,0.72878,,,,,,,,
Air Conditioner,19.0 SEER,2,0.72,0.86,5.28523,1,1,4.91276,sourced from ASHP Cooler 19.05 SEER 2-speed -- BEopt,0.71597,0.72878,,,,,,,,
Air Conditioner,20.0 SEER,2,0.72,0.86,5.6,1,1,5.2,interpolated from ASHP Cooler 19.05 SEER 2-speed -- BEopt -- per-SEER COP scaling,0.71597,0.72878,,,,,,,,
Air Conditioner,21.0 SEER,2,0.72,0.86,5.9,1,1,5.5,extrapolated from ASHP Cooler 19.05 SEER 2-speed -- BEopt -- per-SEER COP scaling,0.71597,0.72878,,,,,,,,
Air Conditioner,20.0 SEER,4,0.36,0.42,4.892687266,0.51,0.54,4.7,sourced from ASHP Cooler 20.0 SEER 4-speed row,0.721851216,0.8,0.67,0.68,4.5,1,1,4.3,0.79,0.78
Air Conditioner,22.0 SEER,4,0.36,0.42,5.92545,0.51,0.54,6.14696,sourced from ASHP Cooler 22.0 SEER 4-speed -- testing_500 - bldg0000134,0.87282,0.80463,0.67,0.68,5.98083,1,1,5.53781,0.79453,0.78453
Air Conditioner,24.0 SEER,4,0.36,0.42,6.56538,0.51,0.54,6.81081,sourced from ASHP Cooler 24.0 SEER 4-speed -- ResStock 2024.2,0.87282,0.80463,0.67,0.68,6.62674,1,1,6.13587,0.79453,0.78453
Air Conditioner,26.0 SEER,4,0.36,0.42,7.2,0.51,0.54,7.4,extrapolated from ASHP Cooler 24.0 SEER 4-speed -- ResStock 2024.2 -- per-SEER COP scaling,0.87282,0.80463,0.67,0.68,7.2,1,1,6.7,0.79453,0.78453
GSHP Cooler,17.0 EER,1,1,1,4.98,,,,COP = EER/3.413 per AHRI 210/240-2023 -- nominal rated COP,,,,,,,,,,
GSHP Cooler,18.0 EER,1,1,1,5.28,,,,COP = EER/3.413 per AHRI 210/240-2023 -- nominal rated COP,,,,,,,,,,
GSHP Cooler,16.0 EER,2,0.72,0.86,5.42,1,1,5.0,CAP ratios from ASHP Cooler 16.0 SEER 2-speed -- testing_500 - bldg0000005 -- COP x 1.25 GSHP ground-loop premium,0.71597,0.72878,,,,,,,,
GSHP Cooler,20.0 EER,2,0.72,0.86,6.86,1,1,6.32,CAP ratios from ASHP Cooler speed-class data -- COP = EER/3.413 x 1.17 GSHP ground-loop premium,0.71597,0.72878,,,,,,,,
GSHP Cooler,24.0 EER,2,0.72,0.86,8.32,1,1,7.66,CAP ratios from ASHP Cooler speed-class data -- COP = EER/3.413 x 1.18 GSHP ground-loop premium,0.71597,0.72878,,,,,,,,
GSHP Cooler,22.0 EER,4,0.36,0.42,7.41,0.51,0.54,7.68,CAP ratios from ASHP Cooler 22.0 SEER 4-speed -- testing_500 - bldg0000134 -- COP x 1.25 GSHP ground-loop premium,0.87282,0.80463,0.67,0.68,7.48,1,1,6.92,0.79453,0.78453
GSHP Cooler,26.0 EER,4,0.36,0.42,8.80,0.51,0.54,9.13,extrapolated from GSHP Cooler 22.0 EER 4-speed -- EER-scaled COPs,0.87282,0.80463,0.67,0.68,8.88,1,1,8.22,0.79453,0.78453
GSHP Cooler,30.0 EER,4,0.36,0.42,10.23,0.51,0.54,10.60,extrapolated from GSHP Cooler 26.0 EER 4-speed -- EER-scaled COPs,0.87282,0.80463,0.67,0.68,10.31,1,1,9.55,0.79453,0.78453
GSHP Heater,9.0 HSPF,1,1,1,4.35,,,,COP via HSPF conversion + GSHP ground-loop premium -- ASHP Heater COP baseline,,,,,,,,,,
GSHP Heater,10.0 HSPF,2,0.72,0.8,5.67,1,1,5.12,CAP ratios from ASHP Heater 2-speed class -- COP x 1.25 GSHP ground-loop premium,,,,,,,,,,
GSHP Heater,12.0 HSPF,2,0.72,0.8,6.90,1,1,6.22,CAP ratios from ASHP Heater 2-speed class -- COP x 1.25 GSHP ground-loop premium,,,,,,,,,,
GSHP Heater,11.0 HSPF,4,0.33,0.63,7.71,0.56,0.76,6.59,CAP ratios from ASHP Heater 11.0 HSPF 4-speed -- COP x 1.25 GSHP ground-loop premium,,,1,1,5.57,1.17,1.19,5.32,,
GSHP Heater,14.0 HSPF,4,0.33,0.63,10.02,0.56,0.76,8.57,CAP ratios from ASHP Heater 13.0 HSPF 4-speed -- ResStock 2024.2 -- COP x 1.25 GSHP ground-loop premium,,,1,1,7.24,1.17,1.19,6.92,,
GSHP Heater,16.0 HSPF,4,0.33,0.63,11.57,0.56,0.76,9.89,extrapolated from ASHP Heater 13.0 HSPF 4-speed -- ResStock 2024.2 -- COP x 1.21 GSHP ground-loop premium,,,1,1,8.35,1.17,1.19,7.98,,
