station_wmo,iecc_zone
744915,5A
744910,5A
725095,5A
725075,5A
725080,5A
726165,5A
743945,5A
744904,5A
725054,5A
725098,5A
725090,5A
725088,5A
725064,5A
725065,5A
725067,5A
725066,5A
725063,5A
725073,5A
725070,5A
725046,5A
725058,5A
726050,5A
726055,5A
726130,6A
726155,6A
726116,6A
726160,6A
726115,6A
726145,6A
726064,5A
743920,6A
726060,6A
726184,6A
726185,6A
726073,6A
727135,6A
726088,6A
726196,6A
727033,6A
726077,6A
726079,6A
727130,7
727120,7
726083,7
725165,6A
726170,6A
725185,6A
725087,5A
725036,5A
725029,5A
725045,5A
725086,5A
725040,5A
725037,5A
724094,5A
725033,5A
725025,5A
725020,5A
725038,5A
725170,5A
725145,5A
724095,5A
724096,5A
725180,5A
725197,6A
726228,6A
726223,6A
725190,5A
725150,5A
725156,5A
726227,5A
743700,6A
725280,5A
725287,5A
725290,5A
725235,5A
725266,6A
725260,5A
725200,5A
725124,5A
725205,5A
725035,4A
724084,4A
724089,4A
724085,4A
724080,4A
724070,4A
724075,4A
745966,4A
725030,4A
744860,4A
744864,4A
744865,4A
722026,1A
725117,5A
724275,5A
724176,5A
725127,5A
725126,5A
725125,5A
725128,6A
725267,5A
725250,5A
725140,5A
725118,5A
725115,5A
725116,5A
725103,5A
724066,5A
724177,5A
725130,5A
724127,5A
724170,5A
724115,5A
724120,5A
724140,5A
724053,5A
724273,5A
724175,5A
724105,5A
724086,4A
724088,4A
724045,4A
724050,4A
724030,4A
724055,4A
724036,4A
724037,4A
745940,4A
724040,4A
724035,4A
724060,4A
724026,4A
724033,4A
724010,4A
724016,4A
724100,4A
723086,4A
724017,4A
724014,4A
745980,4A
723083,4A
723080,4A
723085,4A
723075,4A
723068,4A
724106,4A
724110,4A
724107,4A
745985,4A
724116,4A
724113,4A
724125,4A
724058,4A
724117,4A
723183,4A
724243,4A
724056,4A
724250,4A
723193,4A
723170,4A
723143,4A
723060,4A
723030,4A
746930,4A
723145,3A
723065,4A
746943,4A
723120,4A
723140,4A
723150,4A
723260,4A
723125,4A
723200,3A
722270,3A
723110,3A
722196,3A
723240,3A
746710,4A
723270,4A
746716,4A
723230,4A
723235,4A
723346,4A
723265,4A
724354,4A
724350,4A
723347,4A
723066,3A
723095,3A
723046,3A
723040,3A
723035,3A
723106,3A
723013,3A
747915,3A
723096,3A
723069,3A
723067,3A
723090,3A
747900,3A
723100,3A
722080,3A
722085,3A
747910,3A
723119,3A
722180,3A
722070,3A
747804,3A
722190,3A
722195,3A
722287,3A
722170,3A
722284,3A
722255,3A
722135,3A
722175,3A
722160,3A
747810,3A
722250,3A
722280,3A
722285,3A
722286,3A
722265,3A
722345,3A
723307,3A
723306,3A
723320,3A
722260,3A
722267,3A
722268,3A
722269,3A
722226,3A
722215,3A
722340,3A
722230,3A
722235,3A
723340,3A
722359,3A
722356,3A
723416,3A
722136,3A
722137,3A
722060,2A
722166,3A
722140,3A
722065,2A
722068,2A
722146,2A
722056,2A
722055,2A
722066,2A
747750,2A
722245,2A
722210,2A
722223,2A
722225,2A
747770,2A
722053,2A
722057,2A
747946,2A
722050,2A
722040,2A
722045,2A
722016,1A
722024,1A
722025,1A
722020,1A
722015,1A
722010,1A
722039,1A
722029,1A
722030,2A
722108,2A
747880,2A
722110,2A
722119,2A
722104,2A
722116,2A
722106,2A
722103,2A
722115,2A
722038,2A
724280,5A
724288,5A
724286,5A
725246,5A
745700,5A
724290,5A
725366,5A
725360,5A
725370,5A
725240,5A
725330,5A
725210,5A
725245,5A
724297,5A
724210,5A
725336,5A
724380,5A
724386,5A
725335,5A
724373,5A
724375,5A
725350,5A
725340,5A
725396,5A
726357,5A
725377,5A
725384,5A
726375,5A
725375,5A
725374,5A
725376,5A
725378,5A
726370,5A
726395,6A
726379,5A
726380,6A
726390,6A
726384,6A
725390,5A
726350,5A
726355,5A
725395,5A
726360,5A
726385,6A
726387,6A
727347,6A
727344,5A
727340,5A
727437,6A
727440,5A
726480,6A
726487,6A
727445,5A
726404,5A
725460,5A
725453,5A
725464,5A
725478,6A
725469,5A
725486,5A
725468,5A
725465,5A
725493,5A
725474,5A
725480,6A
725485,6A
725457,6A
727566,6A
725463,6A
726589,6A
726586,6A
725490,6A
725496,6A
726499,6A
726500,6A
725488,6A
724220,4A
724240,4A
724235,4A
724230,4A
724236,4A
724238,4A
724320,4A
724365,4A
722350,3A
722357,3A
722348,3A
722358,3A
747685,2A
722315,2A
747686,2A
725479,5A
725494,5A
725484,6A
725489,6A
725570,5A
725495,6A
725527,5A
725477,5A
726510,6A
726587,6A
725497,5A
725500,5A
725540,5A
725530,5A
725467,5A
725470,5A
725475,5A
725473,5A
725476,6A
725454,5A
725450,5A
725487,5A
726498,5A
725456,5A
725455,5A
725483,5A
725440,5A
726456,6A
726464,6A
726400,6A
726455,6A
725347,6A
726415,6A
726416,6A
726410,6A
726574,6A
726467,6A
726564,6A
727503,6A
726584,6A
726450,6A
726457,6A
726626,6A
726458,6A
726463,6A
726465,6A
726468,6A
726435,6A
727415,7
726430,6A
726588,6A
727556,7
727450,7
726558,7
727444,7
727475,7
726603,6A
726563,6A
726575,6A
726579,6A
726568,6A
726580,6A
726583,6A
726569,6A
726550,6A
726556,6A
726567,6A
727459,7
726544,7
727474,7
727458,7
727455,7
727473,7
727504,7
726440,6A
726585,6A
726559,6A
726566,6A
726515,6A
726576,6A
726565,6A
727507,6A
727533,6A
726546,6A
726578,6A
726557,6A
726560,7
726547,6A
726555,7
727453,7
727550,7
727457,7
727452,7
727505,7
727530,7
727476,6A
727470,7
727477,7
727555,7
727576,7
727478,7
726525,5A
726590,6A
726540,6A
726545,6A
725566,5A
726686,6A
726685,6A
725556,5A
726620,5A
725670,5A
726625,6A
727645,6A
725636,5A
726650,6A
727575,7
727535,6A
727573,7
727675,7
727676,7
727640,7
726676,7
727687,6A
727670,7
726798,6B
726770,6B
726660,6B
742300,6B
726700,6B
726776,6B
727686,6B
727680,6B
727750,6B
727796,6B
727790,6B
727770,6B
727720,6B
726785,6B
726797,6B
726865,6B
725785,6B
727730,6B
727834,6B
725300,5A
725305,5A
725430,5A
744655,5A
724397,5A
725315,5A
725326,5A
725320,5A
724396,5A
724390,5A
725316,5A
724340,5A
724345,5A
724455,5A
724338,4A
725314,4A
724336,4A
724454,4A
724335,4A
724339,4A
723489,4A
724456,4A
724450,4A
724490,5A
725533,5A
724460,5A
724463,5A
724580,5A
725628,5A
724585,5A
724518,5A
724515,5A
724510,5A
724655,5A
725625,5A
724650,5A
724636,5A
725565,5A
725510,5A
725564,5A
725515,5A
725520,5A
725525,5A
725560,5A
725524,5A
725526,5A
725555,5A
725626,5A
725620,5A
725610,5A
725635,5A
725640,5A
725660,5A
723300,4A
723407,4A
723406,4A
724467,4A
724468,4A
723495,4A
724400,4A
723444,4A
723449,4A
724459,4A
724458,4A
724457,4A
723447,4A
723446,4A
724475,4A
724507,4A
724560,4A
724565,4A
724555,4A
724550,4A
724556,4A
724509,4A
724500,4A
724504,4A
723546,4A
724505,4A
724506,4A
724517,4A
723565,4A
723535,4A
724586,4A
724516,4A
723448,4A
723445,4A
723434,4A
723443,4A
723527,4B
723600,4B
722636,4B
722390,3A
722485,3A
722484,3A
722480,3A
747540,3A
723419,3A
722486,3A
722487,3A
723417,3A
723415,3A
723418,3A
723440,3A
723405,3A
723403,3A
723525,3A
723530,3A
723544,3A
723550,3A
723540,3A
723526,3A
723545,3A
723575,3A
723510,3A
723566,3A
722598,3A
722594,3A
722587,3A
723520,3A
723604,3A
723560,3A
722588,3A
722590,3A
722583,3A
722599,3A
722448,3A
722470,3A
722499,3A
722446,3A
722596,3A
722595,3A
722597,3A
690190,3B
722660,3B
722563,3A
722576,3A
722570,3A
722560,3A
722630,3B
722533,3B
722650,3B
722310,3A
722316,3A
722406,2A
722329,2A
722317,2A
722405,2A
722314,2A
722404,2A
722400,2A
722410,2A
722540,2A
722445,2A
722577,2A
722547,2A
722575,2A
722435,2A
722430,2A
722436,2A
722429,2A
724699,5B
724695,5B
724666,5B
725650,5B
724665,5B
724660,5B
724673,7
724675,6B
725715,7
725645,7
724769,7
724768,5B
724698,5B
724640,5B
724635,5B
724620,5B
724645,5B
724625,6B
724677,6B
724765,7
724676,7
724767,6B
724776,5B
724760,5B
725705,6B
725717,5B
725700,6B
725776,6B
725690,5B
725745,6B
725765,6B
726665,6B
725760,6B
725744,6B
725775,6B
725868,7
725780,6B
725786,5B
725865,6B
725866,5B
725867,5B
727830,5B
727857,5B
726886,5B
726810,5B
726815,5B
726813,5B
725724,5B
725720,5B
725755,5B
725810,5B
725750,5B
724735,5B
723710,5B
724795,5B
724755,5B
724756,5B
723747,5B
723755,5B
723783,5B
723740,5B
723627,5B
723658,5B
723656,5B
723650,5B
722683,4B
723663,5B
723677,5B
723676,5B
722710,5B
722747,5B
723870,5B
724754,5B
724800,5B
724855,5B
724860,5B
725805,5B
725846,5B
724880,5B
725830,5B
724885,5B
725847,5B
725958,5B
725825,5B
723630,4B
722689,4B
722670,4B
722686,4B
722745,4B
722784,4B
723723,4B
722748,4B
722789,4B
723700,4B
722725,4B
722680,4B
722885,3B
722956,3B
723910,3B
722886,3B
722970,3B
722880,3B
722899,3B
722860,3B
722868,3B
722869,3B
722977,3B
722926,3B
722976,3B
723927,3C
723926,3C
723925,3C
723840,3B
723830,3B
746120,3B
723896,3B
722530,3A
722544,3A
722610,3B
722640,3B
722656,3B
722687,3B
722700,3B
722735,3B
722740,3B
723805,3B
723860,3B
723865,3B
722695,3B
747320,3B
723816,3B
722904,3B
722930,3B
747185,3B
722903,3B
722906,3B
747187,3B
722927,3B
722900,3B
722800,2B
747188,3B
690150,3B
723810,3B
723815,3B
723820,3B
723895,3B
747020,3B
723965,3B
723940,3C
722555,2A
722550,2A
722420,2A
722524,2A
722526,2B
722535,2A
722517,2A
722523,2A
722520,2B
722536,2A
722510,2A
722516,2A
722515,2A
722506,2A
722500,2A
722505,2A
722615,2B
722780,2B
722785,2B
699604,2B
726835,5B
726959,4C
726986,4C
726985,4C
727924,4C
726988,5B
726980,4C
726940,4C
727910,4C
726945,4C
726930,4C
725975,4C
726917,4C
725946,4C
726904,4C
725970,4C
725895,5B
725976,5B
726830,5B
726880,5B
727846,5B
726884,5B
727930,4C
727935,4C
727934,4C
727937,4C
727815,4C
727976,4C
690230,4C
742070,4C
742060,4C
727970,4C
727928,4C
727885,4C
727938,4C
727926,4C
727810,4C
727920,4C
727923,4C
727825,5B
727826,5B
727827,5B
727855,6B
727840,5B
727856,5B
727850,5B
727845,5B
702735,7
702725,7
702720,7
702190,8
704540,7
703330,7
703500,7
704890,7
702084,8
703210,8
703410,7
703407,8
702070,8
702185,8
702186,8
702710,7
702746,7
702595,7
703165,7
702960,7
703606,8
703260,7
703160,7
702005,8
702910,7
702757,7
703080,7
702075,8
703400,7
702320,8
702590,7
702310,8
702740,7
702770,7
702495,7
702510,7
702730,7
702756,7
703610,7
702650,8
702610,8
702600,7
701740,8
701625,8
701940,8
700260,8
700197,8
702647,7
702670,8
700637,8
701330,8
702225,8
702040,8
701718,8
702460,7
701780,8
701043,8
702000,8
702035,8
701195,8
703810,7
703670,7
703620,7
702607,7
703855,7
703860,7
703710,7
703950,7
703870,7
703884,7
703980,7
722897,3C
722895,3C
723890,3B
724917,3C
724915,3C
724940,3C
745090,3C
724930,3C
724955,3C
724936,3B
724935,3C
724957,3C
724945,3B
724926,4B
724815,4B
725905,3C
725945,4C
725845,3B
725910,5B
724837,3B
725920,3B
725955,5B
724830,3B
724927,3B
745160,3B
724920,3B
724839,3B
724838,3B
911820,1A
911650,1A
911975,1A
911780,1A
911900,1A
912850,1A
911760,1A
911860,1A
911904,1A
911905,1A
704140,1A
